{"max": [0.981080949306488, 1.0, 1.0, 1.0, 1.0], "min": [0.0, 0.0, 0.0, 0.0, 0.0], "mean": [-0.7669038959710719, -5.494869678729794, -0.9892037485660858, 7.8350479905913435, -1.3748382325695345], "std": [0.19204504164266076, 3.6915891744335254, 1.9427679278874093, 4.21943070133447, 9.800484935685477]}