{"max": [1.4169747829437256, 0.9201663732528687, 0.8856312036514282, 1.0, 0.9815566539764404, 0.8442111611366272, 1.0, 1.0, 1.0, 1.0, 1.0, 1.0, 1.0, 1.0, 1.0, 1.0, 1.0, 1.0, 1.0, 1.0, 1.0, 1.0, 1.0, 1.0, 1.0, 1.0, 1.0, 1.0, 1.0, 1.0, 1.0, 1.0, 1.0, 1.0, 1.0, 1.0, 1.0, 1.0, 1.0, 1.0, 1.0, 1.0, 1.0, 1.0, 1.0], "min": [0.0031269218306988478, 0.0, 0.0, 0.0, 0.0, 0.0, 0.0, 0.0, 0.0, 0.0, 0.0, 0.0, 0.0, 0.0, 0.0, 0.0, 0.0, 0.0, 0.0, 0.0, 0.0, 0.0, 0.0, 0.0, 0.0, 0.0, 0.0, 0.0, 0.0, 0.0, 0.0, 0.0, 0.0, 0.0, 0.0, 0.0, 0.0, 0.0, 0.0, 0.0, 0.0, 0.0, 0.0, 0.0, 0.0], "mean": [-0.9797958815808895, -5.24243335431472, -4.310759720306178, -3.785889950919657, -3.2619271721122676, -2.706476316375262, -2.5917049697476626, -2.3573147019918452, -2.177416926635923, -2.0460474493747953, -1.9436435160655487, -1.8773334397013874, -1.8533613651618857, -1.8476595836389256, -1.8823132732915488, -1.9347945856192819, -2.02250485583194, -2.1317410534973615, -2.2685083546270914, -2.4149886036570987, -2.589695764892182, -2.783097308087564, -2.9468823228190075, -3.1863120181562397, -3.3792652738947635, -3.594844865667315, -3.806782958599861, -4.016383403197381, -4.260463751568558, -4.470297259781473, -4.674810447608814, -4.907583484072548, -5.044877263624746, -5.205389202781958, -5.402153447072944, -5.568642658201355, -5.6950382757070175, -5.806898861601307, -5.930151694349238, -6.0434295576295485, -6.091642475776853, -6.1200379931600235, -6.150696063586204, -6.004226237592034, -5.698060988603564], "std": [0.2286539383596334, 1.2895212024434373, 1.2601928719463222, 1.1613783028299312, 1.0633638851526703, 0.9836078265662418, 0.8858395208728566, 0.8327346819698976, 0.8107513452970467, 0.8504032799720346, 0.9106492737818187, 1.0352277425667054, 1.2809977563351593, 1.4964280168156316, 1.7941021816398426, 2.0975629157172926, 2.444596320211078, 2.7696794676354104, 3.139743961136451, 3.4943923280640083, 3.819239959618015, 4.153580907643367, 4.420708897884393, 4.697036612992878, 4.933038332575727, 5.136084057535497, 5.335926420570769, 5.5029721102099, 5.641927819804371, 5.791819051421983, 5.888531513705718, 5.9847728994710465, 6.1044059930837715, 6.202757694067279, 6.283688301384546, 6.368130861830619, 6.484791987058087, 6.612109850204783, 6.7334374667591455, 6.850423127353007, 7.02659393961462, 7.244669896305355, 7.480764855431444, 7.909022994673749, 8.531780916411712]}