{"max": [1.3346810340881348, 1.0, 0.8400818109512329, 1.0, 1.0, 0.9619256258010864, 1.0, 1.0, 1.0, 1.0, 1.0, 1.0, 1.0, 1.0, 1.0, 1.0, 1.0, 1.0, 1.0, 1.0, 1.0, 1.0, 1.0, 1.0, 1.0, 1.0, 1.0, 1.0, 1.0, 1.0, 1.0, 1.0, 1.0, 1.0, 1.0, 1.0, 1.0, 1.0, 1.0, 1.0, 1.0, 1.0, 1.0, 1.0, 1.0], "min": [0.0, 0.0, 0.0, 0.0, 0.0, 0.0, 0.0, 0.0, 0.0, 0.0, 0.0, 0.0, 0.0, 0.0, 0.0, 0.0, 0.0, 0.0, 0.0, 0.0, 0.0, 0.0, 0.0, 0.0, 0.0, 0.0, 0.0, 0.0, 0.0, 0.0, 0.0, 0.0, 0.0, 0.0, 0.0, 0.0, 0.0, 0.0, 0.0, 0.0, 0.0, 0.0, 0.0, 0.0, 0.0], "mean": [-0.8872076611704391, -5.3396586642276205, -4.266843780999665, -3.7882997820981648, -3.289166818258723, -2.8591863594632536, -2.5986923455479647, -2.3623031843025633, -2.182332788441355, -2.0464137037549714, -1.949581693388902, -1.8814793357061865, -1.8454838176978938, -1.8456430382150832, -1.8706562836517313, -1.9294133794207953, -2.0121234535624506, -2.1290134759330845, -2.251753790228973, -2.420651568177855, -2.583053285189768, -2.7403009872753805, -2.960695503775928, -3.136533949979266, -3.368564426738004, -3.575408710402548, -3.797437179319162, -4.027083323030491, -4.2347851611398974, -4.440294739002511, -4.649368281121852, -4.859909320092327, -5.0277218143208975, -5.1949899372534745, -5.3559095270079435, -5.5276029269738745, -5.67949484921461, -5.813639460889345, -5.930145567758596, -6.005657398888833, -6.071628245414589, -6.102694633746087, -6.080542043829585, -5.993765454092863, -5.617451273876894], "std": [0.23108808138312198, 1.2848831833758765, 1.2587832154723886, 1.1648614898845435, 1.0642011230501716, 0.9754067653077052, 0.8925937461718804, 0.8381390777956043, 0.8064324868749942, 0.8443456969530354, 0.9368651952634979, 1.0516290269226238, 1.2196531995571134, 1.474717568085177, 1.7636512476228334, 2.0783747140467033, 2.4304128140875845, 2.769850499965915, 3.1340016935018045, 3.480992430662336, 3.805529598862932, 4.110080061102982, 4.401025375795181, 4.6733504323268775, 4.902306981500042, 5.1171326088104365, 5.313584577338607, 5.46746240018643, 5.618418891415299, 5.756447165458072, 5.86828517591511, 5.969014753698054, 6.0891619442909715, 6.191745217805863, 6.287476554296976, 6.379016988047432, 6.471305285406287, 6.580232597172297, 6.697802633871167, 6.840070144988288, 7.005541573291069, 7.228147940664325, 7.510144518564009, 7.880043066131756, 8.555927758724067]}